season,round,race_name,race_date,driver_id,driver_name,constructor_id,constructor_name,grid,qualifying_position,podium_probability,predicted_is_podium,actual_is_podium,actual_finish_position,points
2025,1,Australian Grand Prix,2025-03-16,norris,Lando Norris,mclaren,McLaren,1,1,0.955548,1,1,1,25.0
2025,1,Australian Grand Prix,2025-03-16,max_verstappen,Max Verstappen,red_bull,Red Bull,3,3,0.920246,1,1,2,18.0
2025,1,Australian Grand Prix,2025-03-16,piastri,Oscar Piastri,mclaren,McLaren,2,2,0.913581,1,0,9,2.0
2025,1,Australian Grand Prix,2025-03-16,russell,George Russell,mercedes,Mercedes,4,4,0.752621,1,1,3,15.0
2025,1,Australian Grand Prix,2025-03-16,leclerc,Charles Leclerc,ferrari,Ferrari,7,7,0.674385,0,0,8,4.0
2025,1,Australian Grand Prix,2025-03-16,hamilton,Lewis Hamilton,ferrari,Ferrari,8,8,0.327989,0,0,10,1.0
2025,1,Australian Grand Prix,2025-03-16,tsunoda,Yuki Tsunoda,rb,RB F1 Team,5,5,0.203369,0,0,12,0.0
2025,1,Australian Grand Prix,2025-03-16,gasly,Pierre Gasly,alpine,Alpine F1 Team,9,9,0.122064,0,0,11,0.0
2025,1,Australian Grand Prix,2025-03-16,sainz,Carlos Sainz,williams,Williams,10,10,0.061788,0,0,18,0.0
2025,1,Australian Grand Prix,2025-03-16,antonelli,Andrea Kimi Antonelli,mercedes,Mercedes,16,16,0.052565,0,0,4,12.0
2025,1,Australian Grand Prix,2025-03-16,albon,Alexander Albon,williams,Williams,6,6,0.050035,0,0,5,10.0
2025,1,Australian Grand Prix,2025-03-16,alonso,Fernando Alonso,aston_martin,Aston Martin,12,12,0.040631,0,0,17,0.0
2025,1,Australian Grand Prix,2025-03-16,hadjar,Isack Hadjar,rb,RB F1 Team,11,11,0.034258,0,0,20,0.0
2025,1,Australian Grand Prix,2025-03-16,lawson,Liam Lawson,red_bull,Red Bull,18,18,0.029344,0,0,15,0.0
2025,1,Australian Grand Prix,2025-03-16,doohan,Jack Doohan,alpine,Alpine F1 Team,14,14,0.019788,0,0,19,0.0
2025,1,Australian Grand Prix,2025-03-16,bortoleto,Gabriel Bortoleto,sauber,Sauber,15,15,0.014756,0,0,16,0.0
2025,1,Australian Grand Prix,2025-03-16,stroll,Lance Stroll,aston_martin,Aston Martin,13,13,0.010779,0,0,6,8.0
2025,1,Australian Grand Prix,2025-03-16,ocon,Esteban Ocon,haas,Haas F1 Team,19,19,0.008073,0,0,13,0.0
2025,1,Australian Grand Prix,2025-03-16,bearman,Oliver Bearman,haas,Haas F1 Team,20,20,0.007219,0,0,14,0.0
2025,1,Australian Grand Prix,2025-03-16,hulkenberg,Nico Hülkenberg,sauber,Sauber,17,17,0.002696,0,0,7,6.0
2025,2,Chinese Grand Prix,2025-03-23,piastri,Oscar Piastri,mclaren,McLaren,1,1,0.929660,1,1,1,25.0
2025,2,Chinese Grand Prix,2025-03-23,russell,George Russell,mercedes,Mercedes,2,2,0.914088,1,1,3,15.0
2025,2,Chinese Grand Prix,2025-03-23,max_verstappen,Max Verstappen,red_bull,Red Bull,4,4,0.893755,1,0,4,12.0
2025,2,Chinese Grand Prix,2025-03-23,norris,Lando Norris,mclaren,McLaren,3,3,0.887758,1,1,2,18.0
2025,2,Chinese Grand Prix,2025-03-23,leclerc,Charles Leclerc,ferrari,Ferrari,6,6,0.579255,0,0,18,0.0
2025,2,Chinese Grand Prix,2025-03-23,antonelli,Andrea Kimi Antonelli,mercedes,Mercedes,8,8,0.400079,0,0,6,8.0
2025,2,Chinese Grand Prix,2025-03-23,hamilton,Lewis Hamilton,ferrari,Ferrari,5,5,0.336070,0,0,19,0.0
2025,2,Chinese Grand Prix,2025-03-23,gasly,Pierre Gasly,alpine,Alpine F1 Team,16,16,0.094790,0,0,20,0.0
2025,2,Chinese Grand Prix,2025-03-23,lawson,Liam Lawson,red_bull,Red Bull,20,20,0.090201,0,0,12,0.0
2025,2,Chinese Grand Prix,2025-03-23,hadjar,Isack Hadjar,rb,RB F1 Team,7,7,0.071610,0,0,11,0.0
2025,2,Chinese Grand Prix,2025-03-23,sainz,Carlos Sainz,williams,Williams,15,15,0.032415,0,0,10,1.0
2025,2,Chinese Grand Prix,2025-03-23,stroll,Lance Stroll,aston_martin,Aston Martin,14,14,0.030013,0,0,9,2.0
2025,2,Chinese Grand Prix,2025-03-23,albon,Alexander Albon,williams,Williams,10,10,0.022181,0,0,7,6.0
2025,2,Chinese Grand Prix,2025-03-23,tsunoda,Yuki Tsunoda,rb,RB F1 Team,9,9,0.017148,0,0,16,0.0
2025,2,Chinese Grand Prix,2025-03-23,doohan,Jack Doohan,alpine,Alpine F1 Team,18,18,0.011046,0,0,13,0.0
2025,2,Chinese Grand Prix,2025-03-23,bortoleto,Gabriel Bortoleto,sauber,Sauber,19,19,0.010344,0,0,14,0.0
2025,2,Chinese Grand Prix,2025-03-23,ocon,Esteban Ocon,haas,Haas F1 Team,11,11,0.007646,0,0,5,10.0
2025,2,Chinese Grand Prix,2025-03-23,alonso,Fernando Alonso,aston_martin,Aston Martin,13,13,0.007365,0,0,17,0.0
2025,2,Chinese Grand Prix,2025-03-23,bearman,Oliver Bearman,haas,Haas F1 Team,17,17,0.004725,0,0,8,4.0
2025,2,Chinese Grand Prix,2025-03-23,hulkenberg,Nico Hülkenberg,sauber,Sauber,12,12,0.002890,0,0,15,0.0
2025,3,Japanese Grand Prix,2025-04-06,norris,Lando Norris,mclaren,McLaren,2,2,0.951862,1,1,2,18.0
2025,3,Japanese Grand Prix,2025-04-06,max_verstappen,Max Verstappen,red_bull,Red Bull,1,1,0.944238,1,1,1,25.0
2025,3,Japanese Grand Prix,2025-04-06,piastri,Oscar Piastri,mclaren,McLaren,3,3,0.875531,1,1,3,15.0
2025,3,Japanese Grand Prix,2025-04-06,russell,George Russell,mercedes,Mercedes,5,5,0.779366,1,0,5,10.0
2025,3,Japanese Grand Prix,2025-04-06,antonelli,Andrea Kimi Antonelli,mercedes,Mercedes,6,6,0.465560,0,0,6,8.0
2025,3,Japanese Grand Prix,2025-04-06,leclerc,Charles Leclerc,ferrari,Ferrari,4,4,0.261079,0,0,4,12.0
2025,3,Japanese Grand Prix,2025-04-06,hamilton,Lewis Hamilton,ferrari,Ferrari,8,8,0.112948,0,0,7,6.0
2025,3,Japanese Grand Prix,2025-04-06,gasly,Pierre Gasly,alpine,Alpine F1 Team,11,11,0.057425,0,0,13,0.0
2025,3,Japanese Grand Prix,2025-04-06,hadjar,Isack Hadjar,rb,RB F1 Team,7,7,0.051050,0,0,8,4.0
2025,3,Japanese Grand Prix,2025-04-06,tsunoda,Yuki Tsunoda,red_bull,Red Bull,14,15,0.049844,0,0,12,0.0
2025,3,Japanese Grand Prix,2025-04-06,bearman,Oliver Bearman,haas,Haas F1 Team,10,10,0.019886,0,0,10,1.0
2025,3,Japanese Grand Prix,2025-04-06,stroll,Lance Stroll,aston_martin,Aston Martin,20,20,0.019831,0,0,20,0.0
2025,3,Japanese Grand Prix,2025-04-06,albon,Alexander Albon,williams,Williams,9,9,0.016340,0,0,9,2.0
2025,3,Japanese Grand Prix,2025-04-06,sainz,Carlos Sainz,williams,Williams,15,12,0.016013,0,0,14,0.0
2025,3,Japanese Grand Prix,2025-04-06,alonso,Fernando Alonso,aston_martin,Aston Martin,12,13,0.012460,0,0,11,0.0
2025,3,Japanese Grand Prix,2025-04-06,bortoleto,Gabriel Bortoleto,sauber,Sauber,17,17,0.011509,0,0,19,0.0
2025,3,Japanese Grand Prix,2025-04-06,lawson,Liam Lawson,rb,RB F1 Team,13,14,0.009927,0,0,17,0.0
2025,3,Japanese Grand Prix,2025-04-06,ocon,Esteban Ocon,haas,Haas F1 Team,18,18,0.009671,0,0,18,0.0
2025,3,Japanese Grand Prix,2025-04-06,doohan,Jack Doohan,alpine,Alpine F1 Team,19,19,0.006775,0,0,15,0.0
2025,3,Japanese Grand Prix,2025-04-06,hulkenberg,Nico Hülkenberg,sauber,Sauber,16,16,0.002292,0,0,16,0.0
2025,4,Bahrain Grand Prix,2025-04-13,piastri,Oscar Piastri,mclaren,McLaren,1,1,0.945908,1,1,1,25.0
2025,4,Bahrain Grand Prix,2025-04-13,russell,George Russell,mercedes,Mercedes,3,2,0.885089,1,1,2,18.0
2025,4,Bahrain Grand Prix,2025-04-13,norris,Lando Norris,mclaren,McLaren,6,6,0.806592,1,1,3,15.0
2025,4,Bahrain Grand Prix,2025-04-13,leclerc,Charles Leclerc,ferrari,Ferrari,2,3,0.763089,1,0,4,12.0
2025,4,Bahrain Grand Prix,2025-04-13,antonelli,Andrea Kimi Antonelli,mercedes,Mercedes,5,4,0.683185,0,0,11,0.0
2025,4,Bahrain Grand Prix,2025-04-13,max_verstappen,Max Verstappen,red_bull,Red Bull,7,7,0.533245,0,0,6,8.0
2025,4,Bahrain Grand Prix,2025-04-13,hamilton,Lewis Hamilton,ferrari,Ferrari,9,9,0.180979,0,0,5,10.0
2025,4,Bahrain Grand Prix,2025-04-13,gasly,Pierre Gasly,alpine,Alpine F1 Team,4,5,0.135804,0,0,7,6.0
2025,4,Bahrain Grand Prix,2025-04-13,tsunoda,Yuki Tsunoda,red_bull,Red Bull,10,10,0.101206,0,0,9,2.0
2025,4,Bahrain Grand Prix,2025-04-13,sainz,Carlos Sainz,williams,Williams,8,8,0.068497,0,0,19,0.0
2025,4,Bahrain Grand Prix,2025-04-13,hadjar,Isack Hadjar,rb,RB F1 Team,12,12,0.049703,0,0,13,0.0
2025,4,Bahrain Grand Prix,2025-04-13,doohan,Jack Doohan,alpine,Alpine F1 Team,11,11,0.019739,0,0,14,0.0
2025,4,Bahrain Grand Prix,2025-04-13,stroll,Lance Stroll,aston_martin,Aston Martin,19,19,0.014248,0,0,17,0.0
2025,4,Bahrain Grand Prix,2025-04-13,ocon,Esteban Ocon,haas,Haas F1 Team,14,14,0.011105,0,0,8,4.0
2025,4,Bahrain Grand Prix,2025-04-13,lawson,Liam Lawson,rb,RB F1 Team,17,17,0.010825,0,0,16,0.0
2025,4,Bahrain Grand Prix,2025-04-13,albon,Alexander Albon,williams,Williams,15,15,0.010799,0,0,12,0.0
2025,4,Bahrain Grand Prix,2025-04-13,bearman,Oliver Bearman,haas,Haas F1 Team,20,20,0.005630,0,0,10,1.0
2025,4,Bahrain Grand Prix,2025-04-13,alonso,Fernando Alonso,aston_martin,Aston Martin,13,13,0.005149,0,0,15,0.0
2025,4,Bahrain Grand Prix,2025-04-13,bortoleto,Gabriel Bortoleto,sauber,Sauber,18,18,0.002547,0,0,18,0.0
2025,4,Bahrain Grand Prix,2025-04-13,hulkenberg,Nico Hülkenberg,sauber,Sauber,16,16,0.001711,0,0,20,0.0
2025,5,Saudi Arabian Grand Prix,2025-04-20,piastri,Oscar Piastri,mclaren,McLaren,2,2,0.961887,1,1,1,25.0
2025,5,Saudi Arabian Grand Prix,2025-04-20,max_verstappen,Max Verstappen,red_bull,Red Bull,1,1,0.950721,1,1,2,18.0
2025,5,Saudi Arabian Grand Prix,2025-04-20,russell,George Russell,mercedes,Mercedes,3,3,0.873738,1,0,5,10.0
2025,5,Saudi Arabian Grand Prix,2025-04-20,norris,Lando Norris,mclaren,McLaren,10,10,0.659533,0,0,4,12.0
2025,5,Saudi Arabian Grand Prix,2025-04-20,leclerc,Charles Leclerc,ferrari,Ferrari,4,4,0.625444,0,1,3,15.0
2025,5,Saudi Arabian Grand Prix,2025-04-20,antonelli,Andrea Kimi Antonelli,mercedes,Mercedes,5,5,0.621723,0,0,6,8.0
2025,5,Saudi Arabian Grand Prix,2025-04-20,hamilton,Lewis Hamilton,ferrari,Ferrari,7,7,0.294794,0,0,7,6.0
2025,5,Saudi Arabian Grand Prix,2025-04-20,tsunoda,Yuki Tsunoda,red_bull,Red Bull,8,8,0.164035,0,0,19,0.0
2025,5,Saudi Arabian Grand Prix,2025-04-20,sainz,Carlos Sainz,williams,Williams,6,6,0.112827,0,0,8,4.0
2025,5,Saudi Arabian Grand Prix,2025-04-20,gasly,Pierre Gasly,alpine,Alpine F1 Team,9,9,0.031455,0,0,20,0.0
2025,5,Saudi Arabian Grand Prix,2025-04-20,bearman,Oliver Bearman,haas,Haas F1 Team,15,15,0.024944,0,0,13,0.0
2025,5,Saudi Arabian Grand Prix,2025-04-20,ocon,Esteban Ocon,haas,Haas F1 Team,19,19,0.019694,0,0,14,0.0
2025,5,Saudi Arabian Grand Prix,2025-04-20,albon,Alexander Albon,williams,Williams,11,11,0.017064,0,0,9,2.0
2025,5,Saudi Arabian Grand Prix,2025-04-20,stroll,Lance Stroll,aston_martin,Aston Martin,16,16,0.014347,0,0,16,0.0
2025,5,Saudi Arabian Grand Prix,2025-04-20,doohan,Jack Doohan,alpine,Alpine F1 Team,17,17,0.006198,0,0,17,0.0
2025,5,Saudi Arabian Grand Prix,2025-04-20,hadjar,Isack Hadjar,rb,RB F1 Team,14,14,0.005946,0,0,10,1.0
2025,5,Saudi Arabian Grand Prix,2025-04-20,alonso,Fernando Alonso,aston_martin,Aston Martin,13,13,0.002595,0,0,11,0.0
2025,5,Saudi Arabian Grand Prix,2025-04-20,bortoleto,Gabriel Bortoleto,sauber,Sauber,20,20,0.001537,0,0,18,0.0
2025,5,Saudi Arabian Grand Prix,2025-04-20,lawson,Liam Lawson,rb,RB F1 Team,12,12,0.001462,0,0,12,0.0
2025,5,Saudi Arabian Grand Prix,2025-04-20,hulkenberg,Nico Hülkenberg,sauber,Sauber,18,18,0.000747,0,0,15,0.0
2025,6,Miami Grand Prix,2025-05-04,norris,Lando Norris,mclaren,McLaren,2,2,0.938484,1,1,2,18.0
2025,6,Miami Grand Prix,2025-05-04,max_verstappen,Max Verstappen,red_bull,Red Bull,1,1,0.917158,1,0,4,12.0
2025,6,Miami Grand Prix,2025-05-04,piastri,Oscar Piastri,mclaren,McLaren,4,4,0.907494,1,1,1,25.0
2025,6,Miami Grand Prix,2025-05-04,antonelli,Andrea Kimi Antonelli,mercedes,Mercedes,3,3,0.825318,1,0,6,8.0
2025,6,Miami Grand Prix,2025-05-04,russell,George Russell,mercedes,Mercedes,5,5,0.663489,0,1,3,15.0
2025,6,Miami Grand Prix,2025-05-04,leclerc,Charles Leclerc,ferrari,Ferrari,8,8,0.396362,0,0,7,6.0
2025,6,Miami Grand Prix,2025-05-04,hamilton,Lewis Hamilton,ferrari,Ferrari,12,12,0.155909,0,0,8,4.0
2025,6,Miami Grand Prix,2025-05-04,tsunoda,Yuki Tsunoda,red_bull,Red Bull,10,10,0.103581,0,0,10,1.0
2025,6,Miami Grand Prix,2025-05-04,sainz,Carlos Sainz,williams,Williams,6,6,0.101081,0,0,9,2.0
2025,6,Miami Grand Prix,2025-05-04,albon,Alexander Albon,williams,Williams,7,7,0.070219,0,0,5,10.0
2025,6,Miami Grand Prix,2025-05-04,ocon,Esteban Ocon,haas,Haas F1 Team,9,9,0.033964,0,0,12,0.0
2025,6,Miami Grand Prix,2025-05-04,gasly,Pierre Gasly,alpine,Alpine F1 Team,20,18,0.019416,0,0,13,0.0
2025,6,Miami Grand Prix,2025-05-04,hadjar,Isack Hadjar,rb,RB F1 Team,11,11,0.012842,0,0,11,0.0
2025,6,Miami Grand Prix,2025-05-04,doohan,Jack Doohan,alpine,Alpine F1 Team,14,14,0.009099,0,0,20,0.0
2025,6,Miami Grand Prix,2025-05-04,alonso,Fernando Alonso,aston_martin,Aston Martin,17,17,0.008592,0,0,15,0.0
2025,6,Miami Grand Prix,2025-05-04,bearman,Oliver Bearman,haas,Haas F1 Team,19,20,0.008477,0,0,19,0.0
2025,6,Miami Grand Prix,2025-05-04,stroll,Lance Stroll,aston_martin,Aston Martin,18,19,0.006813,0,0,16,0.0
2025,6,Miami Grand Prix,2025-05-04,bortoleto,Gabriel Bortoleto,sauber,Sauber,13,13,0.003032,0,0,18,0.0
2025,6,Miami Grand Prix,2025-05-04,lawson,Liam Lawson,rb,RB F1 Team,15,15,0.002886,0,0,17,0.0
2025,6,Miami Grand Prix,2025-05-04,hulkenberg,Nico Hülkenberg,sauber,Sauber,16,16,0.000572,0,0,14,0.0
2025,7,Emilia Romagna Grand Prix,2025-05-18,piastri,Oscar Piastri,mclaren,McLaren,1,1,0.966933,1,1,3,15.0
2025,7,Emilia Romagna Grand Prix,2025-05-18,max_verstappen,Max Verstappen,red_bull,Red Bull,2,2,0.919989,1,1,1,25.0
2025,7,Emilia Romagna Grand Prix,2025-05-18,russell,George Russell,mercedes,Mercedes,3,3,0.880829,1,0,7,6.0
2025,7,Emilia Romagna Grand Prix,2025-05-18,norris,Lando Norris,mclaren,McLaren,4,4,0.848976,1,1,2,18.0
2025,7,Emilia Romagna Grand Prix,2025-05-18,leclerc,Charles Leclerc,ferrari,Ferrari,11,11,0.315676,0,0,6,8.0
2025,7,Emilia Romagna Grand Prix,2025-05-18,antonelli,Andrea Kimi Antonelli,mercedes,Mercedes,13,13,0.248822,0,0,19,0.0
2025,7,Emilia Romagna Grand Prix,2025-05-18,hamilton,Lewis Hamilton,ferrari,Ferrari,12,12,0.247286,0,0,4,12.0
2025,7,Emilia Romagna Grand Prix,2025-05-18,sainz,Carlos Sainz,williams,Williams,6,6,0.130605,0,0,8,4.0
2025,7,Emilia Romagna Grand Prix,2025-05-18,gasly,Pierre Gasly,alpine,Alpine F1 Team,10,10,0.107290,0,0,13,0.0
2025,7,Emilia Romagna Grand Prix,2025-05-18,alonso,Fernando Alonso,aston_martin,Aston Martin,5,5,0.103471,0,0,11,0.0
2025,7,Emilia Romagna Grand Prix,2025-05-18,stroll,Lance Stroll,aston_martin,Aston Martin,8,8,0.069353,0,0,15,0.0
2025,7,Emilia Romagna Grand Prix,2025-05-18,albon,Alexander Albon,williams,Williams,7,7,0.043975,0,0,5,10.0
2025,7,Emilia Romagna Grand Prix,2025-05-18,tsunoda,Yuki Tsunoda,red_bull,Red Bull,20,20,0.014214,0,0,10,1.0
2025,7,Emilia Romagna Grand Prix,2025-05-18,hadjar,Isack Hadjar,rb,RB F1 Team,9,9,0.010114,0,0,9,2.0
2025,7,Emilia Romagna Grand Prix,2025-05-18,bearman,Oliver Bearman,haas,Haas F1 Team,19,19,0.008085,0,0,17,0.0
2025,7,Emilia Romagna Grand Prix,2025-05-18,colapinto,Franco Colapinto,alpine,Alpine F1 Team,16,15,0.007442,0,0,16,0.0
2025,7,Emilia Romagna Grand Prix,2025-05-18,ocon,Esteban Ocon,haas,Haas F1 Team,18,18,0.006413,0,0,20,0.0
2025,7,Emilia Romagna Grand Prix,2025-05-18,bortoleto,Gabriel Bortoleto,sauber,Sauber,14,14,0.003341,0,0,18,0.0
2025,7,Emilia Romagna Grand Prix,2025-05-18,lawson,Liam Lawson,rb,RB F1 Team,15,16,0.002736,0,0,14,0.0
2025,7,Emilia Romagna Grand Prix,2025-05-18,hulkenberg,Nico Hülkenberg,sauber,Sauber,17,17,0.000944,0,0,12,0.0
2025,8,Monaco Grand Prix,2025-05-25,norris,Lando Norris,mclaren,McLaren,1,1,0.944802,1,1,1,25.0
2025,8,Monaco Grand Prix,2025-05-25,piastri,Oscar Piastri,mclaren,McLaren,3,3,0.942944,1,1,3,15.0
2025,8,Monaco Grand Prix,2025-05-25,leclerc,Charles Leclerc,ferrari,Ferrari,2,2,0.875662,1,1,2,18.0
2025,8,Monaco Grand Prix,2025-05-25,max_verstappen,Max Verstappen,red_bull,Red Bull,4,5,0.804182,1,0,4,12.0
2025,8,Monaco Grand Prix,2025-05-25,hamilton,Lewis Hamilton,ferrari,Ferrari,7,4,0.463131,0,0,5,10.0
2025,8,Monaco Grand Prix,2025-05-25,russell,George Russell,mercedes,Mercedes,14,14,0.184913,0,0,11,0.0
2025,8,Monaco Grand Prix,2025-05-25,hadjar,Isack Hadjar,rb,RB F1 Team,5,6,0.100383,0,0,6,8.0
2025,8,Monaco Grand Prix,2025-05-25,antonelli,Andrea Kimi Antonelli,mercedes,Mercedes,15,15,0.079894,0,0,18,0.0
2025,8,Monaco Grand Prix,2025-05-25,gasly,Pierre Gasly,alpine,Alpine F1 Team,17,18,0.048881,0,0,20,0.0
2025,8,Monaco Grand Prix,2025-05-25,sainz,Carlos Sainz,williams,Williams,11,11,0.026911,0,0,10,1.0
2025,8,Monaco Grand Prix,2025-05-25,alonso,Fernando Alonso,aston_martin,Aston Martin,6,7,0.020366,0,0,19,0.0
2025,8,Monaco Grand Prix,2025-05-25,tsunoda,Yuki Tsunoda,red_bull,Red Bull,12,12,0.019587,0,0,17,0.0
2025,8,Monaco Grand Prix,2025-05-25,ocon,Esteban Ocon,haas,Haas F1 Team,8,8,0.018980,0,0,7,6.0
2025,8,Monaco Grand Prix,2025-05-25,albon,Alexander Albon,williams,Williams,10,10,0.011302,0,0,9,2.0
2025,8,Monaco Grand Prix,2025-05-25,lawson,Liam Lawson,rb,RB F1 Team,9,9,0.008114,0,0,8,4.0
2025,8,Monaco Grand Prix,2025-05-25,stroll,Lance Stroll,aston_martin,Aston Martin,19,19,0.005088,0,0,15,0.0
2025,8,Monaco Grand Prix,2025-05-25,colapinto,Franco Colapinto,alpine,Alpine F1 Team,18,20,0.003891,0,0,13,0.0
2025,8,Monaco Grand Prix,2025-05-25,bortoleto,Gabriel Bortoleto,sauber,Sauber,16,16,0.003141,0,0,14,0.0
2025,8,Monaco Grand Prix,2025-05-25,bearman,Oliver Bearman,haas,Haas F1 Team,20,17,0.002976,0,0,12,0.0
2025,8,Monaco Grand Prix,2025-05-25,hulkenberg,Nico Hülkenberg,sauber,Sauber,13,13,0.002013,0,0,16,0.0
2025,9,Spanish Grand Prix,2025-06-01,norris,Lando Norris,mclaren,McLaren,2,2,0.966692,1,1,2,18.0
2025,9,Spanish Grand Prix,2025-06-01,piastri,Oscar Piastri,mclaren,McLaren,1,1,0.949905,1,1,1,25.0
2025,9,Spanish Grand Prix,2025-06-01,max_verstappen,Max Verstappen,red_bull,Red Bull,3,3,0.896135,1,0,10,1.0
2025,9,Spanish Grand Prix,2025-06-01,russell,George Russell,mercedes,Mercedes,4,4,0.743629,0,0,4,12.0
2025,9,Spanish Grand Prix,2025-06-01,hamilton,Lewis Hamilton,ferrari,Ferrari,5,5,0.570974,0,0,6,8.0
2025,9,Spanish Grand Prix,2025-06-01,leclerc,Charles Leclerc,ferrari,Ferrari,7,7,0.352415,0,1,3,15.0
2025,9,Spanish Grand Prix,2025-06-01,antonelli,Andrea Kimi Antonelli,mercedes,Mercedes,6,6,0.327612,0,0,18,0.0
2025,9,Spanish Grand Prix,2025-06-01,hadjar,Isack Hadjar,rb,RB F1 Team,9,9,0.168076,0,0,7,6.0
2025,9,Spanish Grand Prix,2025-06-01,gasly,Pierre Gasly,alpine,Alpine F1 Team,8,8,0.134209,0,0,8,4.0
2025,9,Spanish Grand Prix,2025-06-01,albon,Alexander Albon,williams,Williams,11,11,0.067515,0,0,19,0.0
2025,9,Spanish Grand Prix,2025-06-01,sainz,Carlos Sainz,williams,Williams,17,18,0.064428,0,0,14,0.0
2025,9,Spanish Grand Prix,2025-06-01,lawson,Liam Lawson,rb,RB F1 Team,13,13,0.036093,0,0,11,0.0
2025,9,Spanish Grand Prix,2025-06-01,tsunoda,Yuki Tsunoda,red_bull,Red Bull,19,20,0.021314,0,0,13,0.0
2025,9,Spanish Grand Prix,2025-06-01,ocon,Esteban Ocon,haas,Haas F1 Team,16,17,0.013221,0,0,16,0.0
2025,9,Spanish Grand Prix,2025-06-01,bearman,Oliver Bearman,haas,Haas F1 Team,14,15,0.011549,0,0,17,0.0
2025,9,Spanish Grand Prix,2025-06-01,bortoleto,Gabriel Bortoleto,sauber,Sauber,12,12,0.011104,0,0,12,0.0
2025,9,Spanish Grand Prix,2025-06-01,colapinto,Franco Colapinto,alpine,Alpine F1 Team,18,19,0.009547,0,0,15,0.0
2025,9,Spanish Grand Prix,2025-06-01,alonso,Fernando Alonso,aston_martin,Aston Martin,10,10,0.004530,0,0,9,2.0
2025,9,Spanish Grand Prix,2025-06-01,hulkenberg,Nico Hülkenberg,sauber,Sauber,15,16,0.003234,0,0,5,10.0
2025,10,Canadian Grand Prix,2025-06-15,russell,George Russell,mercedes,Mercedes,1,1,0.944180,1,1,1,25.0
2025,10,Canadian Grand Prix,2025-06-15,max_verstappen,Max Verstappen,red_bull,Red Bull,2,2,0.914289,1,1,2,18.0
2025,10,Canadian Grand Prix,2025-06-15,piastri,Oscar Piastri,mclaren,McLaren,3,3,0.849969,1,0,4,12.0
2025,10,Canadian Grand Prix,2025-06-15,norris,Lando Norris,mclaren,McLaren,7,7,0.720244,0,0,18,0.0
2025,10,Canadian Grand Prix,2025-06-15,antonelli,Andrea Kimi Antonelli,mercedes,Mercedes,4,4,0.682009,0,1,3,15.0
2025,10,Canadian Grand Prix,2025-06-15,hamilton,Lewis Hamilton,ferrari,Ferrari,5,5,0.666663,0,0,6,8.0
2025,10,Canadian Grand Prix,2025-06-15,leclerc,Charles Leclerc,ferrari,Ferrari,8,8,0.406868,0,0,5,10.0
2025,10,Canadian Grand Prix,2025-06-15,hadjar,Isack Hadjar,rb,RB F1 Team,12,9,0.083105,0,0,16,0.0
2025,10,Canadian Grand Prix,2025-06-15,albon,Alexander Albon,williams,Williams,9,10,0.033402,0,0,20,0.0
2025,10,Canadian Grand Prix,2025-06-15,lawson,Liam Lawson,rb,RB F1 Team,19,19,0.032791,0,0,19,0.0
2025,10,Canadian Grand Prix,2025-06-15,gasly,Pierre Gasly,alpine,Alpine F1 Team,20,20,0.031275,0,0,15,0.0
2025,10,Canadian Grand Prix,2025-06-15,sainz,Carlos Sainz,williams,Williams,16,17,0.030729,0,0,10,1.0
2025,10,Canadian Grand Prix,2025-06-15,tsunoda,Yuki Tsunoda,red_bull,Red Bull,18,11,0.029503,0,0,12,0.0
2025,10,Canadian Grand Prix,2025-06-15,alonso,Fernando Alonso,aston_martin,Aston Martin,6,6,0.023492,0,0,7,6.0
2025,10,Canadian Grand Prix,2025-06-15,ocon,Esteban Ocon,haas,Haas F1 Team,14,15,0.019378,0,0,9,2.0
2025,10,Canadian Grand Prix,2025-06-15,stroll,Lance Stroll,aston_martin,Aston Martin,17,18,0.010083,0,0,17,0.0
2025,10,Canadian Grand Prix,2025-06-15,bortoleto,Gabriel Bortoleto,sauber,Sauber,15,16,0.006683,0,0,14,0.0
2025,10,Canadian Grand Prix,2025-06-15,colapinto,Franco Colapinto,alpine,Alpine F1 Team,10,12,0.006204,0,0,13,0.0
2025,10,Canadian Grand Prix,2025-06-15,bearman,Oliver Bearman,haas,Haas F1 Team,13,14,0.003731,0,0,11,0.0
2025,10,Canadian Grand Prix,2025-06-15,hulkenberg,Nico Hülkenberg,sauber,Sauber,11,13,0.001873,0,0,8,4.0
2025,11,Austrian Grand Prix,2025-06-29,norris,Lando Norris,mclaren,McLaren,1,1,0.941458,1,1,1,25.0
2025,11,Austrian Grand Prix,2025-06-29,piastri,Oscar Piastri,mclaren,McLaren,3,3,0.905831,1,1,2,18.0
2025,11,Austrian Grand Prix,2025-06-29,leclerc,Charles Leclerc,ferrari,Ferrari,2,2,0.878834,1,1,3,15.0
2025,11,Austrian Grand Prix,2025-06-29,hamilton,Lewis Hamilton,ferrari,Ferrari,4,4,0.761329,1,0,4,12.0
2025,11,Austrian Grand Prix,2025-06-29,russell,George Russell,mercedes,Mercedes,5,5,0.699936,0,0,5,10.0
2025,11,Austrian Grand Prix,2025-06-29,antonelli,Andrea Kimi Antonelli,mercedes,Mercedes,9,9,0.304952,0,0,19,0.0
2025,11,Austrian Grand Prix,2025-06-29,max_verstappen,Max Verstappen,red_bull,Red Bull,7,7,0.222977,0,0,18,0.0
2025,11,Austrian Grand Prix,2025-06-29,lawson,Liam Lawson,rb,RB F1 Team,6,6,0.112701,0,0,6,8.0
2025,11,Austrian Grand Prix,2025-06-29,gasly,Pierre Gasly,alpine,Alpine F1 Team,10,10,0.106316,0,0,13,0.0
2025,11,Austrian Grand Prix,2025-06-29,hadjar,Isack Hadjar,rb,RB F1 Team,13,13,0.034061,0,0,12,0.0
2025,11,Austrian Grand Prix,2025-06-29,bortoleto,Gabriel Bortoleto,sauber,Sauber,8,8,0.033204,0,0,8,4.0
2025,11,Austrian Grand Prix,2025-06-29,sainz,Carlos Sainz,williams,Williams,19,19,0.023381,0,0,20,0.0
2025,11,Austrian Grand Prix,2025-06-29,tsunoda,Yuki Tsunoda,red_bull,Red Bull,18,18,0.020179,0,0,16,0.0
2025,11,Austrian Grand Prix,2025-06-29,albon,Alexander Albon,williams,Williams,12,12,0.017849,0,0,17,0.0
2025,11,Austrian Grand Prix,2025-06-29,stroll,Lance Stroll,aston_martin,Aston Martin,16,16,0.009703,0,0,14,0.0
2025,11,Austrian Grand Prix,2025-06-29,ocon,Esteban Ocon,haas,Haas F1 Team,17,17,0.006177,0,0,10,1.0
2025,11,Austrian Grand Prix,2025-06-29,colapinto,Franco Colapinto,alpine,Alpine F1 Team,14,14,0.005244,0,0,15,0.0
2025,11,Austrian Grand Prix,2025-06-29,alonso,Fernando Alonso,aston_martin,Aston Martin,11,11,0.003863,0,0,7,6.0
2025,11,Austrian Grand Prix,2025-06-29,bearman,Oliver Bearman,haas,Haas F1 Team,15,15,0.003632,0,0,11,0.0
2025,11,Austrian Grand Prix,2025-06-29,hulkenberg,Nico Hülkenberg,sauber,Sauber,20,20,0.002100,0,0,9,2.0
2025,12,British Grand Prix,2025-07-06,piastri,Oscar Piastri,mclaren,McLaren,2,2,0.936317,1,1,2,18.0
2025,12,British Grand Prix,2025-07-06,max_verstappen,Max Verstappen,red_bull,Red Bull,1,1,0.933644,1,0,5,10.0
2025,12,British Grand Prix,2025-07-06,norris,Lando Norris,mclaren,McLaren,3,3,0.892274,1,1,1,25.0
2025,12,British Grand Prix,2025-07-06,russell,George Russell,mercedes,Mercedes,4,4,0.723322,0,0,10,1.0
2025,12,British Grand Prix,2025-07-06,hamilton,Lewis Hamilton,ferrari,Ferrari,5,5,0.644777,0,0,4,12.0
2025,12,British Grand Prix,2025-07-06,leclerc,Charles Leclerc,ferrari,Ferrari,6,6,0.575102,0,0,14,0.0
2025,12,British Grand Prix,2025-07-06,antonelli,Andrea Kimi Antonelli,mercedes,Mercedes,10,7,0.275782,0,0,16,0.0
2025,12,British Grand Prix,2025-07-06,gasly,Pierre Gasly,alpine,Alpine F1 Team,8,10,0.097212,0,0,6,8.0
2025,12,British Grand Prix,2025-07-06,alonso,Fernando Alonso,aston_martin,Aston Martin,7,9,0.059072,0,0,9,2.0
2025,12,British Grand Prix,2025-07-06,sainz,Carlos Sainz,williams,Williams,9,11,0.056714,0,0,12,0.0
2025,12,British Grand Prix,2025-07-06,lawson,Liam Lawson,rb,RB F1 Team,15,16,0.030876,0,0,19,0.0
2025,12,British Grand Prix,2025-07-06,hadjar,Isack Hadjar,rb,RB F1 Team,12,13,0.029908,0,0,17,0.0
2025,12,British Grand Prix,2025-07-06,bortoleto,Gabriel Bortoleto,sauber,Sauber,16,17,0.022336,0,0,18,0.0
2025,12,British Grand Prix,2025-07-06,stroll,Lance Stroll,aston_martin,Aston Martin,17,18,0.016212,0,0,7,6.0
2025,12,British Grand Prix,2025-07-06,tsunoda,Yuki Tsunoda,red_bull,Red Bull,11,12,0.009261,0,0,15,0.0
2025,12,British Grand Prix,2025-07-06,colapinto,Franco Colapinto,alpine,Alpine F1 Team,20,20,0.006600,0,0,20,0.0
2025,12,British Grand Prix,2025-07-06,albon,Alexander Albon,williams,Williams,13,14,0.006421,0,0,8,4.0
2025,12,British Grand Prix,2025-07-06,ocon,Esteban Ocon,haas,Haas F1 Team,14,15,0.004847,0,0,13,0.0
2025,12,British Grand Prix,2025-07-06,hulkenberg,Nico Hülkenberg,sauber,Sauber,19,19,0.004703,0,1,3,15.0
2025,12,British Grand Prix,2025-07-06,bearman,Oliver Bearman,haas,Haas F1 Team,18,8,0.003381,0,0,11,0.0
2025,13,Belgian Grand Prix,2025-07-27,norris,Lando Norris,mclaren,McLaren,1,1,0.959669,1,1,2,18.0
2025,13,Belgian Grand Prix,2025-07-27,piastri,Oscar Piastri,mclaren,McLaren,2,2,0.940574,1,1,1,25.0
2025,13,Belgian Grand Prix,2025-07-27,max_verstappen,Max Verstappen,red_bull,Red Bull,4,4,0.815837,1,0,4,12.0
2025,13,Belgian Grand Prix,2025-07-27,leclerc,Charles Leclerc,ferrari,Ferrari,3,3,0.767433,1,1,3,15.0
2025,13,Belgian Grand Prix,2025-07-27,russell,George Russell,mercedes,Mercedes,6,6,0.454202,0,0,5,10.0
2025,13,Belgian Grand Prix,2025-07-27,hamilton,Lewis Hamilton,ferrari,Ferrari,18,16,0.335536,0,0,7,6.0
2025,13,Belgian Grand Prix,2025-07-27,antonelli,Andrea Kimi Antonelli,mercedes,Mercedes,19,18,0.132598,0,0,16,0.0
2025,13,Belgian Grand Prix,2025-07-27,albon,Alexander Albon,williams,Williams,5,5,0.099778,0,0,6,8.0
2025,13,Belgian Grand Prix,2025-07-27,gasly,Pierre Gasly,alpine,Alpine F1 Team,13,13,0.081008,0,0,10,1.0
2025,13,Belgian Grand Prix,2025-07-27,bortoleto,Gabriel Bortoleto,sauber,Sauber,10,10,0.078555,0,0,9,2.0
2025,13,Belgian Grand Prix,2025-07-27,tsunoda,Yuki Tsunoda,red_bull,Red Bull,7,7,0.062419,0,0,13,0.0
2025,13,Belgian Grand Prix,2025-07-27,hadjar,Isack Hadjar,rb,RB F1 Team,8,8,0.052219,0,0,20,0.0
2025,13,Belgian Grand Prix,2025-07-27,lawson,Liam Lawson,rb,RB F1 Team,9,9,0.031134,0,0,8,4.0
2025,13,Belgian Grand Prix,2025-07-27,stroll,Lance Stroll,aston_martin,Aston Martin,16,20,0.027927,0,0,14,0.0
2025,13,Belgian Grand Prix,2025-07-27,alonso,Fernando Alonso,aston_martin,Aston Martin,20,19,0.014850,0,0,17,0.0
2025,13,Belgian Grand Prix,2025-07-27,colapinto,Franco Colapinto,alpine,Alpine F1 Team,15,17,0.014151,0,0,19,0.0
2025,13,Belgian Grand Prix,2025-07-27,ocon,Esteban Ocon,haas,Haas F1 Team,11,11,0.013530,0,0,15,0.0
2025,13,Belgian Grand Prix,2025-07-27,sainz,Carlos Sainz,williams,Williams,17,15,0.010143,0,0,18,0.0
2025,13,Belgian Grand Prix,2025-07-27,bearman,Oliver Bearman,haas,Haas F1 Team,12,12,0.006329,0,0,11,0.0
2025,13,Belgian Grand Prix,2025-07-27,hulkenberg,Nico Hülkenberg,sauber,Sauber,14,14,0.005598,0,0,12,0.0
2025,14,Hungarian Grand Prix,2025-08-03,piastri,Oscar Piastri,mclaren,McLaren,2,2,0.973803,1,1,2,18.0
2025,14,Hungarian Grand Prix,2025-08-03,norris,Lando Norris,mclaren,McLaren,3,3,0.955866,1,1,1,25.0
2025,14,Hungarian Grand Prix,2025-08-03,leclerc,Charles Leclerc,ferrari,Ferrari,1,1,0.940765,1,0,4,12.0
2025,14,Hungarian Grand Prix,2025-08-03,russell,George Russell,mercedes,Mercedes,4,4,0.729132,0,1,3,15.0
2025,14,Hungarian Grand Prix,2025-08-03,hamilton,Lewis Hamilton,ferrari,Ferrari,12,12,0.334784,0,0,12,0.0
2025,14,Hungarian Grand Prix,2025-08-03,max_verstappen,Max Verstappen,red_bull,Red Bull,8,8,0.209898,0,0,9,2.0
2025,14,Hungarian Grand Prix,2025-08-03,stroll,Lance Stroll,aston_martin,Aston Martin,6,6,0.148884,0,0,7,6.0
2025,14,Hungarian Grand Prix,2025-08-03,alonso,Fernando Alonso,aston_martin,Aston Martin,5,5,0.138007,0,0,5,10.0
2025,14,Hungarian Grand Prix,2025-08-03,bortoleto,Gabriel Bortoleto,sauber,Sauber,7,7,0.110194,0,0,6,8.0
2025,14,Hungarian Grand Prix,2025-08-03,antonelli,Andrea Kimi Antonelli,mercedes,Mercedes,15,15,0.090326,0,0,10,1.0
2025,14,Hungarian Grand Prix,2025-08-03,lawson,Liam Lawson,rb,RB F1 Team,9,9,0.080236,0,0,8,4.0
2025,14,Hungarian Grand Prix,2025-08-03,gasly,Pierre Gasly,alpine,Alpine F1 Team,16,17,0.062696,0,0,19,0.0
2025,14,Hungarian Grand Prix,2025-08-03,hadjar,Isack Hadjar,rb,RB F1 Team,10,10,0.052608,0,0,11,0.0
2025,14,Hungarian Grand Prix,2025-08-03,albon,Alexander Albon,williams,Williams,19,20,0.028351,0,0,15,0.0
2025,14,Hungarian Grand Prix,2025-08-03,colapinto,Franco Colapinto,alpine,Alpine F1 Team,14,14,0.013770,0,0,18,0.0
2025,14,Hungarian Grand Prix,2025-08-03,sainz,Carlos Sainz,williams,Williams,13,13,0.009266,0,0,14,0.0
2025,14,Hungarian Grand Prix,2025-08-03,tsunoda,Yuki Tsunoda,red_bull,Red Bull,20,16,0.008999,0,0,17,0.0
2025,14,Hungarian Grand Prix,2025-08-03,bearman,Oliver Bearman,haas,Haas F1 Team,11,11,0.007992,0,0,20,0.0
2025,14,Hungarian Grand Prix,2025-08-03,ocon,Esteban Ocon,haas,Haas F1 Team,17,18,0.007183,0,0,16,0.0
2025,14,Hungarian Grand Prix,2025-08-03,hulkenberg,Nico Hülkenberg,sauber,Sauber,18,19,0.004469,0,0,13,0.0
2025,15,Dutch Grand Prix,2025-08-31,norris,Lando Norris,mclaren,McLaren,2,2,0.974171,1,0,18,0.0
2025,15,Dutch Grand Prix,2025-08-31,piastri,Oscar Piastri,mclaren,McLaren,1,1,0.968870,1,1,1,25.0
2025,15,Dutch Grand Prix,2025-08-31,max_verstappen,Max Verstappen,red_bull,Red Bull,3,3,0.817805,1,1,2,18.0
2025,15,Dutch Grand Prix,2025-08-31,russell,George Russell,mercedes,Mercedes,5,5,0.739756,0,0,4,12.0
2025,15,Dutch Grand Prix,2025-08-31,leclerc,Charles Leclerc,ferrari,Ferrari,6,6,0.429094,0,0,19,0.0
2025,15,Dutch Grand Prix,2025-08-31,hamilton,Lewis Hamilton,ferrari,Ferrari,7,7,0.308073,0,0,20,0.0
2025,15,Dutch Grand Prix,2025-08-31,hadjar,Isack Hadjar,rb,RB F1 Team,4,4,0.276408,0,1,3,15.0
2025,15,Dutch Grand Prix,2025-08-31,antonelli,Andrea Kimi Antonelli,mercedes,Mercedes,11,11,0.214744,0,0,16,0.0
2025,15,Dutch Grand Prix,2025-08-31,bortoleto,Gabriel Bortoleto,sauber,Sauber,13,13,0.135560,0,0,15,0.0
2025,15,Dutch Grand Prix,2025-08-31,tsunoda,Yuki Tsunoda,red_bull,Red Bull,12,12,0.103735,0,0,9,2.0
2025,15,Dutch Grand Prix,2025-08-31,sainz,Carlos Sainz,williams,Williams,9,9,0.062588,0,0,13,0.0
2025,15,Dutch Grand Prix,2025-08-31,lawson,Liam Lawson,rb,RB F1 Team,8,8,0.053689,0,0,12,0.0
2025,15,Dutch Grand Prix,2025-08-31,gasly,Pierre Gasly,alpine,Alpine F1 Team,14,14,0.031431,0,0,17,0.0
2025,15,Dutch Grand Prix,2025-08-31,stroll,Lance Stroll,aston_martin,Aston Martin,19,20,0.026306,0,0,7,6.0
2025,15,Dutch Grand Prix,2025-08-31,alonso,Fernando Alonso,aston_martin,Aston Martin,10,10,0.017918,0,0,8,4.0
2025,15,Dutch Grand Prix,2025-08-31,albon,Alexander Albon,williams,Williams,15,15,0.017414,0,0,5,10.0
2025,15,Dutch Grand Prix,2025-08-31,hulkenberg,Nico Hülkenberg,sauber,Sauber,17,17,0.005316,0,0,14,0.0
2025,15,Dutch Grand Prix,2025-08-31,colapinto,Franco Colapinto,alpine,Alpine F1 Team,16,16,0.004131,0,0,11,0.0
2025,15,Dutch Grand Prix,2025-08-31,ocon,Esteban Ocon,haas,Haas F1 Team,18,18,0.002527,0,0,10,1.0
2025,15,Dutch Grand Prix,2025-08-31,bearman,Oliver Bearman,haas,Haas F1 Team,20,19,0.000719,0,0,6,8.0
2025,16,Italian Grand Prix,2025-09-07,piastri,Oscar Piastri,mclaren,McLaren,3,3,0.959340,1,1,3,15.0
2025,16,Italian Grand Prix,2025-09-07,norris,Lando Norris,mclaren,McLaren,2,2,0.939271,1,1,2,18.0
2025,16,Italian Grand Prix,2025-09-07,max_verstappen,Max Verstappen,red_bull,Red Bull,1,1,0.933124,1,1,1,25.0
2025,16,Italian Grand Prix,2025-09-07,hamilton,Lewis Hamilton,ferrari,Ferrari,10,5,0.683809,0,0,6,8.0
2025,16,Italian Grand Prix,2025-09-07,leclerc,Charles Leclerc,ferrari,Ferrari,4,4,0.646756,0,0,4,12.0
2025,16,Italian Grand Prix,2025-09-07,russell,George Russell,mercedes,Mercedes,5,6,0.514207,0,0,5,10.0
2025,16,Italian Grand Prix,2025-09-07,antonelli,Andrea Kimi Antonelli,mercedes,Mercedes,6,7,0.391244,0,0,9,2.0
2025,16,Italian Grand Prix,2025-09-07,bortoleto,Gabriel Bortoleto,sauber,Sauber,7,8,0.054787,0,0,8,4.0
2025,16,Italian Grand Prix,2025-09-07,lawson,Liam Lawson,rb,RB F1 Team,18,20,0.044538,0,0,14,0.0
2025,16,Italian Grand Prix,2025-09-07,stroll,Lance Stroll,aston_martin,Aston Martin,16,17,0.041509,0,0,18,0.0
2025,16,Italian Grand Prix,2025-09-07,hadjar,Isack Hadjar,rb,RB F1 Team,19,16,0.041156,0,0,10,1.0
2025,16,Italian Grand Prix,2025-09-07,albon,Alexander Albon,williams,Williams,14,14,0.038263,0,0,7,6.0
2025,16,Italian Grand Prix,2025-09-07,tsunoda,Yuki Tsunoda,red_bull,Red Bull,9,10,0.032191,0,0,13,0.0
2025,16,Italian Grand Prix,2025-09-07,gasly,Pierre Gasly,alpine,Alpine F1 Team,20,19,0.029836,0,0,16,0.0
2025,16,Italian Grand Prix,2025-09-07,sainz,Carlos Sainz,williams,Williams,13,13,0.027963,0,0,11,0.0
2025,16,Italian Grand Prix,2025-09-07,ocon,Esteban Ocon,haas,Haas F1 Team,15,15,0.024715,0,0,15,0.0
2025,16,Italian Grand Prix,2025-09-07,alonso,Fernando Alonso,aston_martin,Aston Martin,8,9,0.023686,0,0,19,0.0
2025,16,Italian Grand Prix,2025-09-07,colapinto,Franco Colapinto,alpine,Alpine F1 Team,17,18,0.019253,0,0,17,0.0
2025,16,Italian Grand Prix,2025-09-07,bearman,Oliver Bearman,haas,Haas F1 Team,11,11,0.008079,0,0,12,0.0
2025,16,Italian Grand Prix,2025-09-07,hulkenberg,Nico Hülkenberg,sauber,Sauber,12,12,0.004287,0,0,20,0.0
2025,17,Azerbaijan Grand Prix,2025-09-21,max_verstappen,Max Verstappen,red_bull,Red Bull,1,1,0.903601,1,1,1,25.0
2025,17,Azerbaijan Grand Prix,2025-09-21,norris,Lando Norris,mclaren,McLaren,7,7,0.745469,0,0,7,6.0
2025,17,Azerbaijan Grand Prix,2025-09-21,russell,George Russell,mercedes,Mercedes,5,5,0.702841,0,1,2,18.0
2025,17,Azerbaijan Grand Prix,2025-09-21,piastri,Oscar Piastri,mclaren,McLaren,9,9,0.620421,0,0,20,0.0
2025,17,Azerbaijan Grand Prix,2025-09-21,antonelli,Andrea Kimi Antonelli,mercedes,Mercedes,4,4,0.595469,0,0,4,12.0
2025,17,Azerbaijan Grand Prix,2025-09-21,lawson,Liam Lawson,rb,RB F1 Team,3,3,0.544838,0,0,5,10.0
2025,17,Azerbaijan Grand Prix,2025-09-21,sainz,Carlos Sainz,williams,Williams,2,2,0.369684,0,1,3,15.0
2025,17,Azerbaijan Grand Prix,2025-09-21,hamilton,Lewis Hamilton,ferrari,Ferrari,12,12,0.149415,0,0,8,4.0
2025,17,Azerbaijan Grand Prix,2025-09-21,leclerc,Charles Leclerc,ferrari,Ferrari,10,10,0.136359,0,0,9,2.0
2025,17,Azerbaijan Grand Prix,2025-09-21,tsunoda,Yuki Tsunoda,red_bull,Red Bull,6,6,0.108090,0,0,6,8.0
2025,17,Azerbaijan Grand Prix,2025-09-21,hadjar,Isack Hadjar,rb,RB F1 Team,8,8,0.076028,0,0,10,1.0
2025,17,Azerbaijan Grand Prix,2025-09-21,alonso,Fernando Alonso,aston_martin,Aston Martin,11,11,0.050839,0,0,15,0.0
2025,17,Azerbaijan Grand Prix,2025-09-21,stroll,Lance Stroll,aston_martin,Aston Martin,14,14,0.040894,0,0,17,0.0
2025,17,Azerbaijan Grand Prix,2025-09-21,albon,Alexander Albon,williams,Williams,19,19,0.038463,0,0,13,0.0
2025,17,Azerbaijan Grand Prix,2025-09-21,bortoleto,Gabriel Bortoleto,sauber,Sauber,13,13,0.022244,0,0,11,0.0
2025,17,Azerbaijan Grand Prix,2025-09-21,gasly,Pierre Gasly,alpine,Alpine F1 Team,18,18,0.009756,0,0,18,0.0
2025,17,Azerbaijan Grand Prix,2025-09-21,colapinto,Franco Colapinto,alpine,Alpine F1 Team,16,16,0.004768,0,0,19,0.0
2025,17,Azerbaijan Grand Prix,2025-09-21,ocon,Esteban Ocon,haas,Haas F1 Team,20,20,0.002888,0,0,14,0.0
2025,17,Azerbaijan Grand Prix,2025-09-21,bearman,Oliver Bearman,haas,Haas F1 Team,15,15,0.002823,0,0,12,0.0
2025,17,Azerbaijan Grand Prix,2025-09-21,hulkenberg,Nico Hülkenberg,sauber,Sauber,17,17,0.002735,0,0,16,0.0
2025,18,Singapore Grand Prix,2025-10-05,max_verstappen,Max Verstappen,red_bull,Red Bull,2,2,0.959323,1,1,2,18.0
2025,18,Singapore Grand Prix,2025-10-05,russell,George Russell,mercedes,Mercedes,1,1,0.930319,1,1,1,25.0
2025,18,Singapore Grand Prix,2025-10-05,piastri,Oscar Piastri,mclaren,McLaren,3,3,0.903967,1,0,4,12.0
2025,18,Singapore Grand Prix,2025-10-05,norris,Lando Norris,mclaren,McLaren,5,5,0.694923,0,1,3,15.0
2025,18,Singapore Grand Prix,2025-10-05,antonelli,Andrea Kimi Antonelli,mercedes,Mercedes,4,4,0.541933,0,0,5,10.0
2025,18,Singapore Grand Prix,2025-10-05,hamilton,Lewis Hamilton,ferrari,Ferrari,6,6,0.365033,0,0,8,4.0
2025,18,Singapore Grand Prix,2025-10-05,leclerc,Charles Leclerc,ferrari,Ferrari,7,7,0.195748,0,0,6,8.0
2025,18,Singapore Grand Prix,2025-10-05,hadjar,Isack Hadjar,rb,RB F1 Team,8,8,0.107517,0,0,11,0.0
2025,18,Singapore Grand Prix,2025-10-05,sainz,Carlos Sainz,williams,Williams,18,20,0.068940,0,0,10,1.0
2025,18,Singapore Grand Prix,2025-10-05,albon,Alexander Albon,williams,Williams,20,19,0.063641,0,0,14,0.0
2025,18,Singapore Grand Prix,2025-10-05,lawson,Liam Lawson,rb,RB F1 Team,12,12,0.055851,0,0,15,0.0
2025,18,Singapore Grand Prix,2025-10-05,bortoleto,Gabriel Bortoleto,sauber,Sauber,14,14,0.015291,0,0,17,0.0
2025,18,Singapore Grand Prix,2025-10-05,stroll,Lance Stroll,aston_martin,Aston Martin,15,15,0.014459,0,0,13,0.0
2025,18,Singapore Grand Prix,2025-10-05,tsunoda,Yuki Tsunoda,red_bull,Red Bull,13,13,0.011849,0,0,12,0.0
2025,18,Singapore Grand Prix,2025-10-05,alonso,Fernando Alonso,aston_martin,Aston Martin,10,10,0.006959,0,0,7,6.0
2025,18,Singapore Grand Prix,2025-10-05,gasly,Pierre Gasly,alpine,Alpine F1 Team,19,18,0.003752,0,0,19,0.0
2025,18,Singapore Grand Prix,2025-10-05,bearman,Oliver Bearman,haas,Haas F1 Team,9,9,0.003013,0,0,9,2.0
2025,18,Singapore Grand Prix,2025-10-05,colapinto,Franco Colapinto,alpine,Alpine F1 Team,16,16,0.001832,0,0,16,0.0
2025,18,Singapore Grand Prix,2025-10-05,hulkenberg,Nico Hülkenberg,sauber,Sauber,11,11,0.001300,0,0,20,0.0
2025,18,Singapore Grand Prix,2025-10-05,ocon,Esteban Ocon,haas,Haas F1 Team,17,17,0.001079,0,0,18,0.0
2025,19,United States Grand Prix,2025-10-19,max_verstappen,Max Verstappen,red_bull,Red Bull,1,1,0.964418,1,1,1,25.0
2025,19,United States Grand Prix,2025-10-19,norris,Lando Norris,mclaren,McLaren,2,2,0.933877,1,1,2,18.0
2025,19,United States Grand Prix,2025-10-19,russell,George Russell,mercedes,Mercedes,4,4,0.861960,1,0,6,8.0
2025,19,United States Grand Prix,2025-10-19,leclerc,Charles Leclerc,ferrari,Ferrari,3,3,0.770291,1,1,3,15.0
2025,19,United States Grand Prix,2025-10-19,piastri,Oscar Piastri,mclaren,McLaren,6,6,0.659607,0,0,5,10.0
2025,19,United States Grand Prix,2025-10-19,hamilton,Lewis Hamilton,ferrari,Ferrari,5,5,0.480660,0,0,4,12.0
2025,19,United States Grand Prix,2025-10-19,antonelli,Andrea Kimi Antonelli,mercedes,Mercedes,7,7,0.250138,0,0,13,0.0
2025,19,United States Grand Prix,2025-10-19,sainz,Carlos Sainz,williams,Williams,9,9,0.019901,0,0,20,0.0
2025,19,United States Grand Prix,2025-10-19,lawson,Liam Lawson,rb,RB F1 Team,12,12,0.017257,0,0,11,0.0
2025,19,United States Grand Prix,2025-10-19,hadjar,Isack Hadjar,rb,RB F1 Team,20,20,0.012866,0,0,16,0.0
2025,19,United States Grand Prix,2025-10-19,stroll,Lance Stroll,aston_martin,Aston Martin,19,18,0.008885,0,0,12,0.0
2025,19,United States Grand Prix,2025-10-19,albon,Alexander Albon,williams,Williams,18,19,0.008370,0,0,14,0.0
2025,19,United States Grand Prix,2025-10-19,alonso,Fernando Alonso,aston_martin,Aston Martin,10,10,0.007289,0,0,10,1.0
2025,19,United States Grand Prix,2025-10-19,tsunoda,Yuki Tsunoda,red_bull,Red Bull,13,13,0.007076,0,0,7,6.0
2025,19,United States Grand Prix,2025-10-19,bortoleto,Gabriel Bortoleto,sauber,Sauber,16,16,0.006777,0,0,18,0.0
2025,19,United States Grand Prix,2025-10-19,gasly,Pierre Gasly,alpine,Alpine F1 Team,14,14,0.005939,0,0,19,0.0
2025,19,United States Grand Prix,2025-10-19,bearman,Oliver Bearman,haas,Haas F1 Team,8,8,0.003333,0,0,9,2.0
2025,19,United States Grand Prix,2025-10-19,colapinto,Franco Colapinto,alpine,Alpine F1 Team,15,15,0.003047,0,0,17,0.0
2025,19,United States Grand Prix,2025-10-19,ocon,Esteban Ocon,haas,Haas F1 Team,17,17,0.001280,0,0,15,0.0
2025,19,United States Grand Prix,2025-10-19,hulkenberg,Nico Hülkenberg,sauber,Sauber,11,11,0.001234,0,0,8,4.0
2025,20,Mexico City Grand Prix,2025-10-26,norris,Lando Norris,mclaren,McLaren,1,1,0.922459,1,1,1,25.0
2025,20,Mexico City Grand Prix,2025-10-26,russell,George Russell,mercedes,Mercedes,4,4,0.855793,1,0,7,6.0
2025,20,Mexico City Grand Prix,2025-10-26,max_verstappen,Max Verstappen,red_bull,Red Bull,5,5,0.852584,1,1,3,15.0
2025,20,Mexico City Grand Prix,2025-10-26,leclerc,Charles Leclerc,ferrari,Ferrari,2,2,0.816149,1,1,2,18.0
2025,20,Mexico City Grand Prix,2025-10-26,hamilton,Lewis Hamilton,ferrari,Ferrari,3,3,0.792436,1,0,8,4.0
2025,20,Mexico City Grand Prix,2025-10-26,piastri,Oscar Piastri,mclaren,McLaren,7,8,0.626131,0,0,5,10.0
2025,20,Mexico City Grand Prix,2025-10-26,antonelli,Andrea Kimi Antonelli,mercedes,Mercedes,6,6,0.428618,0,0,6,8.0
2025,20,Mexico City Grand Prix,2025-10-26,sainz,Carlos Sainz,williams,Williams,12,7,0.062378,0,0,17,0.0
2025,20,Mexico City Grand Prix,2025-10-26,hadjar,Isack Hadjar,rb,RB F1 Team,8,9,0.052674,0,0,13,0.0
2025,20,Mexico City Grand Prix,2025-10-26,tsunoda,Yuki Tsunoda,red_bull,Red Bull,10,11,0.036998,0,0,11,0.0
2025,20,Mexico City Grand Prix,2025-10-26,lawson,Liam Lawson,rb,RB F1 Team,15,15,0.023918,0,0,20,0.0
2025,20,Mexico City Grand Prix,2025-10-26,albon,Alexander Albon,williams,Williams,17,17,0.016013,0,0,12,0.0
2025,20,Mexico City Grand Prix,2025-10-26,stroll,Lance Stroll,aston_martin,Aston Martin,19,19,0.014353,0,0,14,0.0
2025,20,Mexico City Grand Prix,2025-10-26,gasly,Pierre Gasly,alpine,Alpine F1 Team,18,18,0.010500,0,0,15,0.0
2025,20,Mexico City Grand Prix,2025-10-26,bortoleto,Gabriel Bortoleto,sauber,Sauber,16,16,0.009656,0,0,10,1.0
2025,20,Mexico City Grand Prix,2025-10-26,alonso,Fernando Alonso,aston_martin,Aston Martin,14,14,0.003894,0,0,18,0.0
2025,20,Mexico City Grand Prix,2025-10-26,hulkenberg,Nico Hülkenberg,sauber,Sauber,13,13,0.003357,0,0,19,0.0
2025,20,Mexico City Grand Prix,2025-10-26,ocon,Esteban Ocon,haas,Haas F1 Team,11,12,0.002995,0,0,9,2.0
2025,20,Mexico City Grand Prix,2025-10-26,colapinto,Franco Colapinto,alpine,Alpine F1 Team,20,20,0.002099,0,0,16,0.0
2025,20,Mexico City Grand Prix,2025-10-26,bearman,Oliver Bearman,haas,Haas F1 Team,9,10,0.002085,0,0,4,12.0
2025,21,São Paulo Grand Prix,2025-11-09,norris,Lando Norris,mclaren,McLaren,1,1,0.919001,1,1,1,25.0
2025,21,São Paulo Grand Prix,2025-11-09,leclerc,Charles Leclerc,ferrari,Ferrari,3,3,0.896711,1,0,19,0.0
2025,21,São Paulo Grand Prix,2025-11-09,antonelli,Andrea Kimi Antonelli,mercedes,Mercedes,2,2,0.859249,1,1,2,18.0
2025,21,São Paulo Grand Prix,2025-11-09,piastri,Oscar Piastri,mclaren,McLaren,4,4,0.813268,1,0,5,10.0
2025,21,São Paulo Grand Prix,2025-11-09,max_verstappen,Max Verstappen,red_bull,Red Bull,19,16,0.558931,0,1,3,15.0
2025,21,São Paulo Grand Prix,2025-11-09,russell,George Russell,mercedes,Mercedes,6,6,0.464605,0,0,4,12.0
2025,21,São Paulo Grand Prix,2025-11-09,hadjar,Isack Hadjar,rb,RB F1 Team,5,5,0.274573,0,0,8,4.0
2025,21,São Paulo Grand Prix,2025-11-09,hamilton,Lewis Hamilton,ferrari,Ferrari,13,13,0.244698,0,0,18,0.0
2025,21,São Paulo Grand Prix,2025-11-09,lawson,Liam Lawson,rb,RB F1 Team,7,7,0.181418,0,0,7,6.0
2025,21,São Paulo Grand Prix,2025-11-09,gasly,Pierre Gasly,alpine,Alpine F1 Team,9,9,0.072803,0,0,10,1.0
2025,21,São Paulo Grand Prix,2025-11-09,bortoleto,Gabriel Bortoleto,sauber,Sauber,18,,0.048932,0,0,20,0.0
2025,21,São Paulo Grand Prix,2025-11-09,bearman,Oliver Bearman,haas,Haas F1 Team,8,8,0.042296,0,0,6,8.0
2025,21,São Paulo Grand Prix,2025-11-09,sainz,Carlos Sainz,williams,Williams,15,15,0.041568,0,0,13,0.0
2025,21,São Paulo Grand Prix,2025-11-09,stroll,Lance Stroll,aston_martin,Aston Martin,14,14,0.036449,0,0,16,0.0
2025,21,São Paulo Grand Prix,2025-11-09,albon,Alexander Albon,williams,Williams,12,12,0.025934,0,0,11,0.0
2025,21,São Paulo Grand Prix,2025-11-09,ocon,Esteban Ocon,haas,Haas F1 Team,20,17,0.022601,0,0,12,0.0
2025,21,São Paulo Grand Prix,2025-11-09,colapinto,Franco Colapinto,alpine,Alpine F1 Team,16,18,0.020974,0,0,15,0.0
2025,21,São Paulo Grand Prix,2025-11-09,tsunoda,Yuki Tsunoda,red_bull,Red Bull,17,19,0.018828,0,0,17,0.0
2025,21,São Paulo Grand Prix,2025-11-09,alonso,Fernando Alonso,aston_martin,Aston Martin,11,11,0.017281,0,0,14,0.0
2025,21,São Paulo Grand Prix,2025-11-09,hulkenberg,Nico Hülkenberg,sauber,Sauber,10,10,0.003671,0,0,9,2.0
2025,22,Las Vegas Grand Prix,2025-11-23,norris,Lando Norris,mclaren,McLaren,1,1,0.972371,1,0,19,0.0
2025,22,Las Vegas Grand Prix,2025-11-23,max_verstappen,Max Verstappen,red_bull,Red Bull,2,2,0.928607,1,1,1,25.0
2025,22,Las Vegas Grand Prix,2025-11-23,russell,George Russell,mercedes,Mercedes,4,4,0.825052,1,1,2,18.0
2025,22,Las Vegas Grand Prix,2025-11-23,piastri,Oscar Piastri,mclaren,McLaren,5,5,0.813222,1,0,20,0.0
2025,22,Las Vegas Grand Prix,2025-11-23,sainz,Carlos Sainz,williams,Williams,3,3,0.731154,0,0,5,10.0
2025,22,Las Vegas Grand Prix,2025-11-23,leclerc,Charles Leclerc,ferrari,Ferrari,9,9,0.460766,0,0,4,12.0
2025,22,Las Vegas Grand Prix,2025-11-23,antonelli,Andrea Kimi Antonelli,mercedes,Mercedes,17,17,0.382461,0,1,3,15.0
2025,22,Las Vegas Grand Prix,2025-11-23,hamilton,Lewis Hamilton,ferrari,Ferrari,19,20,0.336226,0,0,8,4.0
2025,22,Las Vegas Grand Prix,2025-11-23,lawson,Liam Lawson,rb,RB F1 Team,6,6,0.141632,0,0,14,0.0
2025,22,Las Vegas Grand Prix,2025-11-23,hadjar,Isack Hadjar,rb,RB F1 Team,8,8,0.080126,0,0,6,8.0
2025,22,Las Vegas Grand Prix,2025-11-23,tsunoda,Yuki Tsunoda,red_bull,Red Bull,20,19,0.057486,0,0,12,0.0
2025,22,Las Vegas Grand Prix,2025-11-23,alonso,Fernando Alonso,aston_martin,Aston Martin,7,7,0.055595,0,0,11,0.0
2025,22,Las Vegas Grand Prix,2025-11-23,gasly,Pierre Gasly,alpine,Alpine F1 Team,10,10,0.048640,0,0,13,0.0
2025,22,Las Vegas Grand Prix,2025-11-23,stroll,Lance Stroll,aston_martin,Aston Martin,12,12,0.023164,0,0,18,0.0
2025,22,Las Vegas Grand Prix,2025-11-23,bearman,Oliver Bearman,haas,Haas F1 Team,14,14,0.021018,0,0,10,1.0
2025,22,Las Vegas Grand Prix,2025-11-23,albon,Alexander Albon,williams,Williams,16,16,0.014102,0,0,16,0.0
2025,22,Las Vegas Grand Prix,2025-11-23,ocon,Esteban Ocon,haas,Haas F1 Team,13,13,0.007079,0,0,9,2.0
2025,22,Las Vegas Grand Prix,2025-11-23,bortoleto,Gabriel Bortoleto,sauber,Sauber,18,18,0.005415,0,0,17,0.0
2025,22,Las Vegas Grand Prix,2025-11-23,colapinto,Franco Colapinto,alpine,Alpine F1 Team,15,15,0.004733,0,0,15,0.0
2025,22,Las Vegas Grand Prix,2025-11-23,hulkenberg,Nico Hülkenberg,sauber,Sauber,11,11,0.002192,0,0,7,6.0
2025,23,Qatar Grand Prix,2025-11-30,piastri,Oscar Piastri,mclaren,McLaren,1,1,0.958317,1,1,2,18.0
2025,23,Qatar Grand Prix,2025-11-30,norris,Lando Norris,mclaren,McLaren,2,2,0.938820,1,0,4,12.0
2025,23,Qatar Grand Prix,2025-11-30,max_verstappen,Max Verstappen,red_bull,Red Bull,3,3,0.903099,1,1,1,25.0
2025,23,Qatar Grand Prix,2025-11-30,russell,George Russell,mercedes,Mercedes,4,4,0.858837,1,0,6,8.0
2025,23,Qatar Grand Prix,2025-11-30,antonelli,Andrea Kimi Antonelli,mercedes,Mercedes,5,5,0.641319,0,0,5,10.0
2025,23,Qatar Grand Prix,2025-11-30,leclerc,Charles Leclerc,ferrari,Ferrari,10,10,0.203443,0,0,8,4.0
2025,23,Qatar Grand Prix,2025-11-30,hadjar,Isack Hadjar,rb,RB F1 Team,6,6,0.168079,0,0,18,0.0
2025,23,Qatar Grand Prix,2025-11-30,sainz,Carlos Sainz,williams,Williams,7,7,0.154486,0,1,3,15.0
2025,23,Qatar Grand Prix,2025-11-30,tsunoda,Yuki Tsunoda,red_bull,Red Bull,15,16,0.086494,0,0,10,1.0
2025,23,Qatar Grand Prix,2025-11-30,hamilton,Lewis Hamilton,ferrari,Ferrari,17,18,0.068748,0,0,12,0.0
2025,23,Qatar Grand Prix,2025-11-30,lawson,Liam Lawson,rb,RB F1 Team,12,12,0.048482,0,0,9,2.0
2025,23,Qatar Grand Prix,2025-11-30,gasly,Pierre Gasly,alpine,Alpine F1 Team,9,9,0.037065,0,0,16,0.0
2025,23,Qatar Grand Prix,2025-11-30,albon,Alexander Albon,williams,Williams,14,15,0.026390,0,0,11,0.0
2025,23,Qatar Grand Prix,2025-11-30,bearman,Oliver Bearman,haas,Haas F1 Team,13,13,0.023614,0,0,19,0.0
2025,23,Qatar Grand Prix,2025-11-30,alonso,Fernando Alonso,aston_martin,Aston Martin,8,8,0.022192,0,0,7,6.0
2025,23,Qatar Grand Prix,2025-11-30,bortoleto,Gabriel Bortoleto,sauber,Sauber,19,14,0.012181,0,0,13,0.0
2025,23,Qatar Grand Prix,2025-11-30,ocon,Esteban Ocon,haas,Haas F1 Team,16,17,0.011743,0,0,15,0.0
2025,23,Qatar Grand Prix,2025-11-30,stroll,Lance Stroll,aston_martin,Aston Martin,18,19,0.007389,0,0,17,0.0
2025,23,Qatar Grand Prix,2025-11-30,hulkenberg,Nico Hülkenberg,sauber,Sauber,11,11,0.003096,0,0,20,0.0
2025,23,Qatar Grand Prix,2025-11-30,colapinto,Franco Colapinto,alpine,Alpine F1 Team,20,20,0.003012,0,0,14,0.0
2025,24,Abu Dhabi Grand Prix,2025-12-07,max_verstappen,Max Verstappen,red_bull,Red Bull,1,1,0.970969,1,1,1,25.0
2025,24,Abu Dhabi Grand Prix,2025-12-07,norris,Lando Norris,mclaren,McLaren,2,2,0.932349,1,1,3,15.0
2025,24,Abu Dhabi Grand Prix,2025-12-07,piastri,Oscar Piastri,mclaren,McLaren,3,3,0.923758,1,1,2,18.0
2025,24,Abu Dhabi Grand Prix,2025-12-07,russell,George Russell,mercedes,Mercedes,4,4,0.833922,1,0,5,10.0
2025,24,Abu Dhabi Grand Prix,2025-12-07,leclerc,Charles Leclerc,ferrari,Ferrari,5,5,0.728029,0,0,4,12.0
2025,24,Abu Dhabi Grand Prix,2025-12-07,antonelli,Andrea Kimi Antonelli,mercedes,Mercedes,14,14,0.396193,0,0,15,0.0
2025,24,Abu Dhabi Grand Prix,2025-12-07,hadjar,Isack Hadjar,rb,RB F1 Team,9,9,0.060790,0,0,17,0.0
2025,24,Abu Dhabi Grand Prix,2025-12-07,tsunoda,Yuki Tsunoda,red_bull,Red Bull,10,10,0.052720,0,0,14,0.0
2025,24,Abu Dhabi Grand Prix,2025-12-07,hamilton,Lewis Hamilton,ferrari,Ferrari,16,16,0.043123,0,0,8,4.0
2025,24,Abu Dhabi Grand Prix,2025-12-07,lawson,Liam Lawson,rb,RB F1 Team,13,13,0.032651,0,0,18,0.0
2025,24,Abu Dhabi Grand Prix,2025-12-07,sainz,Carlos Sainz,williams,Williams,12,12,0.031311,0,0,13,0.0
2025,24,Abu Dhabi Grand Prix,2025-12-07,bortoleto,Gabriel Bortoleto,sauber,Sauber,7,7,0.024937,0,0,11,0.0
2025,24,Abu Dhabi Grand Prix,2025-12-07,alonso,Fernando Alonso,aston_martin,Aston Martin,6,6,0.013397,0,0,6,8.0
2025,24,Abu Dhabi Grand Prix,2025-12-07,stroll,Lance Stroll,aston_martin,Aston Martin,15,15,0.011491,0,0,10,1.0
2025,24,Abu Dhabi Grand Prix,2025-12-07,albon,Alexander Albon,williams,Williams,17,17,0.009707,0,0,16,0.0
2025,24,Abu Dhabi Grand Prix,2025-12-07,gasly,Pierre Gasly,alpine,Alpine F1 Team,19,19,0.006283,0,0,19,0.0
2025,24,Abu Dhabi Grand Prix,2025-12-07,bearman,Oliver Bearman,haas,Haas F1 Team,11,11,0.004153,0,0,12,0.0
2025,24,Abu Dhabi Grand Prix,2025-12-07,ocon,Esteban Ocon,haas,Haas F1 Team,8,8,0.002149,0,0,7,6.0
2025,24,Abu Dhabi Grand Prix,2025-12-07,colapinto,Franco Colapinto,alpine,Alpine F1 Team,20,20,0.001302,0,0,20,0.0
2025,24,Abu Dhabi Grand Prix,2025-12-07,hulkenberg,Nico Hülkenberg,sauber,Sauber,18,18,0.001015,0,0,9,2.0
