top10_model_rank,top10_model,points_model_rank,points_model,season,known_race_count,remaining_race_count,driver_points_mae,constructor_points_mae,combined_points_mae,driver_champion_actual,driver_champion_predicted,driver_champion_hit,constructor_champion_actual,constructor_champion_predicted,constructor_champion_hit,driver_top3_overlap,constructor_top3_overlap,deterministic_driver_winner_count,max_driver_winner_share,winner_distribution,avg_winner_runner_up_score_gap,calibration_train_end_season,calibration_season
1,xgboost_classifier,1,mlp_regressor,2022,5,17,26.727273,45.400000,36.063636,Max Verstappen,Max Verstappen,1,Red Bull,Red Bull,1,3,3,1,1.000000,{'Max Verstappen': 17},0.033611,2020,2021
1,xgboost_classifier,1,mlp_regressor,2023,5,17,32.181818,68.800000,50.490909,Max Verstappen,Max Verstappen,1,Red Bull,Red Bull,1,3,3,1,1.000000,{'Max Verstappen': 17},0.068621,2021,2022
1,xgboost_classifier,1,mlp_regressor,2024,5,19,44.083333,104.600000,74.341667,Max Verstappen,Max Verstappen,1,McLaren,Red Bull,0,2,3,1,1.000000,{'Max Verstappen': 19},0.070151,2022,2023
1,xgboost_classifier,1,mlp_regressor,2025,5,19,45.523810,87.200000,66.361905,Lando Norris,Max Verstappen,0,McLaren,McLaren,1,3,2,2,0.947368,"{'Max Verstappen': 18, 'Oscar Piastri': 1}",0.036952,2023,2024
1,xgboost_classifier,2,ridge_regression,2022,5,17,25.636364,44.400000,35.018182,Max Verstappen,Max Verstappen,1,Red Bull,Red Bull,1,3,3,1,1.000000,{'Max Verstappen': 17},0.033611,2020,2021
1,xgboost_classifier,2,ridge_regression,2023,5,17,37.636364,82.600000,60.118182,Max Verstappen,Max Verstappen,1,Red Bull,Red Bull,1,3,2,1,1.000000,{'Max Verstappen': 17},0.062803,2021,2022
1,xgboost_classifier,2,ridge_regression,2024,5,19,48.333333,108.800000,78.566667,Max Verstappen,Max Verstappen,1,McLaren,Red Bull,0,2,2,1,1.000000,{'Max Verstappen': 19},0.071744,2022,2023
1,xgboost_classifier,2,ridge_regression,2025,5,19,42.000000,81.600000,61.800000,Lando Norris,Oscar Piastri,0,McLaren,McLaren,1,3,2,1,1.000000,{'Oscar Piastri': 19},0.041621,2023,2024
1,xgboost_classifier,3,catboost_regressor,2022,5,17,26.545455,57.400000,41.972727,Max Verstappen,Max Verstappen,1,Red Bull,Red Bull,1,3,3,3,0.764706,"{'Charles Leclerc': 3, 'Max Verstappen': 13, 'Sergio Pérez': 1}",0.035000,2020,2021
1,xgboost_classifier,3,catboost_regressor,2023,5,17,38.909091,85.600000,62.254545,Max Verstappen,Max Verstappen,1,Red Bull,Red Bull,1,3,2,1,1.000000,{'Max Verstappen': 17},0.072696,2021,2022
1,xgboost_classifier,3,catboost_regressor,2024,5,19,57.416667,136.600000,97.008333,Max Verstappen,Max Verstappen,1,McLaren,Red Bull,0,2,3,1,1.000000,{'Max Verstappen': 19},0.070151,2022,2023
1,xgboost_classifier,3,catboost_regressor,2025,5,19,35.142857,64.000000,49.571429,Lando Norris,Oscar Piastri,0,McLaren,McLaren,1,3,3,1,1.000000,{'Oscar Piastri': 19},0.035746,2023,2024
1,xgboost_classifier,4,hist_gradient_boosting_regressor,2022,5,17,27.272727,52.400000,39.836364,Max Verstappen,Max Verstappen,1,Red Bull,Red Bull,1,2,3,2,0.941176,"{'Lewis Hamilton': 1, 'Max Verstappen': 16}",0.042173,2020,2021
1,xgboost_classifier,4,hist_gradient_boosting_regressor,2023,5,17,40.181818,85.200000,62.690909,Max Verstappen,Max Verstappen,1,Red Bull,Red Bull,1,2,2,3,0.764706,"{'Fernando Alonso': 1, 'Lewis Hamilton': 3, 'Max Verstappen': 13}",0.066106,2021,2022
1,xgboost_classifier,4,hist_gradient_boosting_regressor,2024,5,19,59.500000,141.600000,100.550000,Max Verstappen,Max Verstappen,1,McLaren,Red Bull,0,2,3,2,0.947368,"{'Charles Leclerc': 1, 'Max Verstappen': 18}",0.069155,2022,2023
1,xgboost_classifier,4,hist_gradient_boosting_regressor,2025,5,19,33.619048,64.800000,49.209524,Lando Norris,Oscar Piastri,0,McLaren,McLaren,1,3,3,3,0.526316,"{'Lando Norris': 8, 'Max Verstappen': 1, 'Oscar Piastri': 10}",0.040227,2023,2024
1,xgboost_classifier,5,xgboost_regressor,2022,5,17,26.363636,52.600000,39.481818,Max Verstappen,Max Verstappen,1,Red Bull,Red Bull,1,3,3,3,0.647059,"{'Charles Leclerc': 3, 'Max Verstappen': 11, 'Sergio Pérez': 3}",0.033521,2020,2021
1,xgboost_classifier,5,xgboost_regressor,2023,5,17,37.090909,79.600000,58.345455,Max Verstappen,Max Verstappen,1,Red Bull,Red Bull,1,3,2,3,0.823529,"{'Lewis Hamilton': 2, 'Max Verstappen': 14, 'Sergio Pérez': 1}",0.052237,2021,2022
1,xgboost_classifier,5,xgboost_regressor,2024,5,19,52.416667,126.000000,89.208333,Max Verstappen,Max Verstappen,1,McLaren,Red Bull,0,2,3,1,1.000000,{'Max Verstappen': 19},0.068591,2022,2023
1,xgboost_classifier,5,xgboost_regressor,2025,5,19,38.095238,69.600000,53.847619,Lando Norris,Oscar Piastri,0,McLaren,McLaren,1,3,2,2,0.631579,"{'Lando Norris': 7, 'Oscar Piastri': 12}",0.037105,2023,2024
2,lightgbm_classifier,1,mlp_regressor,2022,5,17,25.454545,44.000000,34.727273,Max Verstappen,Max Verstappen,1,Red Bull,Red Bull,1,3,3,1,1.000000,{'Max Verstappen': 17},0.032649,2020,2021
2,lightgbm_classifier,1,mlp_regressor,2023,5,17,33.090909,70.800000,51.945455,Max Verstappen,Max Verstappen,1,Red Bull,Red Bull,1,3,3,1,1.000000,{'Max Verstappen': 17},0.038394,2021,2022
2,lightgbm_classifier,1,mlp_regressor,2024,5,19,44.500000,105.200000,74.850000,Max Verstappen,Max Verstappen,1,McLaren,Red Bull,0,2,3,1,1.000000,{'Max Verstappen': 19},0.065649,2022,2023
2,lightgbm_classifier,1,mlp_regressor,2025,5,19,43.523810,86.400000,64.961905,Lando Norris,Oscar Piastri,0,McLaren,McLaren,1,3,2,1,1.000000,{'Oscar Piastri': 19},0.059396,2023,2024
2,lightgbm_classifier,2,ridge_regression,2022,5,17,25.181818,43.600000,34.390909,Max Verstappen,Max Verstappen,1,Red Bull,Red Bull,1,3,3,1,1.000000,{'Max Verstappen': 17},0.032649,2020,2021
2,lightgbm_classifier,2,ridge_regression,2023,5,17,38.090909,83.600000,60.845455,Max Verstappen,Max Verstappen,1,Red Bull,Red Bull,1,3,2,1,1.000000,{'Max Verstappen': 17},0.040531,2021,2022
2,lightgbm_classifier,2,ridge_regression,2024,5,19,45.083333,104.200000,74.641667,Max Verstappen,Max Verstappen,1,McLaren,Red Bull,0,2,2,1,1.000000,{'Max Verstappen': 19},0.065649,2022,2023
2,lightgbm_classifier,2,ridge_regression,2025,5,19,40.095238,76.000000,58.047619,Lando Norris,Oscar Piastri,0,McLaren,McLaren,1,3,2,1,1.000000,{'Oscar Piastri': 19},0.052465,2023,2024
2,lightgbm_classifier,3,catboost_regressor,2022,5,17,26.545455,57.400000,41.972727,Max Verstappen,Max Verstappen,1,Red Bull,Red Bull,1,3,3,3,0.764706,"{'Charles Leclerc': 3, 'Max Verstappen': 13, 'Sergio Pérez': 1}",0.033522,2020,2021
2,lightgbm_classifier,3,catboost_regressor,2023,5,17,42.363636,93.200000,67.781818,Max Verstappen,Max Verstappen,1,Red Bull,Red Bull,1,2,2,1,1.000000,{'Max Verstappen': 17},0.044220,2021,2022
2,lightgbm_classifier,3,catboost_regressor,2024,5,19,57.166667,136.600000,96.883333,Max Verstappen,Max Verstappen,1,McLaren,Red Bull,0,2,3,1,1.000000,{'Max Verstappen': 19},0.065649,2022,2023
2,lightgbm_classifier,3,catboost_regressor,2025,5,19,35.809524,65.200000,50.504762,Lando Norris,Oscar Piastri,0,McLaren,McLaren,1,3,3,1,1.000000,{'Oscar Piastri': 19},0.050526,2023,2024
2,lightgbm_classifier,4,hist_gradient_boosting_regressor,2022,5,17,27.363636,52.600000,39.981818,Max Verstappen,Max Verstappen,1,Red Bull,Red Bull,1,2,3,2,0.941176,"{'Lewis Hamilton': 1, 'Max Verstappen': 16}",0.033839,2020,2021
2,lightgbm_classifier,4,hist_gradient_boosting_regressor,2023,5,17,38.909091,85.200000,62.054545,Max Verstappen,Max Verstappen,1,Red Bull,Red Bull,1,2,2,2,0.882353,"{'Lewis Hamilton': 2, 'Max Verstappen': 15}",0.041991,2021,2022
2,lightgbm_classifier,4,hist_gradient_boosting_regressor,2024,5,19,61.416667,144.600000,103.008333,Max Verstappen,Max Verstappen,1,McLaren,Red Bull,0,2,3,2,0.947368,"{'Charles Leclerc': 1, 'Max Verstappen': 18}",0.065071,2022,2023
2,lightgbm_classifier,4,hist_gradient_boosting_regressor,2025,5,19,32.761905,65.200000,48.980952,Lando Norris,Oscar Piastri,0,McLaren,McLaren,1,3,3,3,0.526316,"{'Lando Norris': 8, 'Max Verstappen': 1, 'Oscar Piastri': 10}",0.050254,2023,2024
2,lightgbm_classifier,5,xgboost_regressor,2022,5,17,25.636364,51.000000,38.318182,Max Verstappen,Max Verstappen,1,Red Bull,Red Bull,1,3,3,3,0.647059,"{'Charles Leclerc': 3, 'Max Verstappen': 11, 'Sergio Pérez': 3}",0.034406,2020,2021
2,lightgbm_classifier,5,xgboost_regressor,2023,5,17,39.181818,80.000000,59.590909,Max Verstappen,Max Verstappen,1,Red Bull,Red Bull,1,3,2,3,0.647059,"{'Lewis Hamilton': 4, 'Max Verstappen': 11, 'Sergio Pérez': 2}",0.040079,2021,2022
2,lightgbm_classifier,5,xgboost_regressor,2024,5,19,51.833333,124.600000,88.216667,Max Verstappen,Max Verstappen,1,McLaren,Red Bull,0,2,3,1,1.000000,{'Max Verstappen': 19},0.058037,2022,2023
2,lightgbm_classifier,5,xgboost_regressor,2025,5,19,38.857143,70.000000,54.428571,Lando Norris,Oscar Piastri,0,McLaren,McLaren,1,3,2,2,0.631579,"{'Lando Norris': 7, 'Oscar Piastri': 12}",0.054776,2023,2024
3,hist_gradient_boosting,1,mlp_regressor,2022,5,17,24.909091,44.000000,34.454545,Max Verstappen,Max Verstappen,1,Red Bull,Red Bull,1,3,3,1,1.000000,{'Max Verstappen': 17},0.040495,2020,2021
3,hist_gradient_boosting,1,mlp_regressor,2023,5,17,30.636364,66.200000,48.418182,Max Verstappen,Max Verstappen,1,Red Bull,Red Bull,1,3,3,1,1.000000,{'Max Verstappen': 17},0.048370,2021,2022
3,hist_gradient_boosting,1,mlp_regressor,2024,5,19,44.833333,106.400000,75.616667,Max Verstappen,Max Verstappen,1,McLaren,Red Bull,0,2,3,1,1.000000,{'Max Verstappen': 19},0.060429,2022,2023
3,hist_gradient_boosting,1,mlp_regressor,2025,5,19,42.666667,85.600000,64.133333,Lando Norris,Oscar Piastri,0,McLaren,McLaren,1,3,2,2,0.947368,"{'Max Verstappen': 1, 'Oscar Piastri': 18}",0.058959,2023,2024
3,hist_gradient_boosting,2,ridge_regression,2022,5,17,24.636364,42.400000,33.518182,Max Verstappen,Max Verstappen,1,Red Bull,Red Bull,1,3,3,1,1.000000,{'Max Verstappen': 17},0.040495,2020,2021
3,hist_gradient_boosting,2,ridge_regression,2023,5,17,36.181818,79.600000,57.890909,Max Verstappen,Max Verstappen,1,Red Bull,Red Bull,1,3,2,1,1.000000,{'Max Verstappen': 17},0.041815,2021,2022
3,hist_gradient_boosting,2,ridge_regression,2024,5,19,45.833333,109.200000,77.516667,Max Verstappen,Max Verstappen,1,McLaren,Red Bull,0,2,2,1,1.000000,{'Max Verstappen': 19},0.057604,2022,2023
3,hist_gradient_boosting,2,ridge_regression,2025,5,19,39.428571,75.200000,57.314286,Lando Norris,Oscar Piastri,0,McLaren,McLaren,1,3,2,1,1.000000,{'Oscar Piastri': 19},0.038781,2023,2024
3,hist_gradient_boosting,3,catboost_regressor,2022,5,17,26.454545,57.200000,41.827273,Max Verstappen,Max Verstappen,1,Red Bull,Red Bull,1,3,3,3,0.764706,"{'Charles Leclerc': 3, 'Max Verstappen': 13, 'Sergio Pérez': 1}",0.028492,2020,2021
3,hist_gradient_boosting,3,catboost_regressor,2023,5,17,41.636364,91.600000,66.618182,Max Verstappen,Max Verstappen,1,Red Bull,Red Bull,1,3,2,1,1.000000,{'Max Verstappen': 17},0.045505,2021,2022
3,hist_gradient_boosting,3,catboost_regressor,2024,5,19,56.750000,133.400000,95.075000,Max Verstappen,Max Verstappen,1,McLaren,Red Bull,0,1,3,1,1.000000,{'Max Verstappen': 19},0.057604,2022,2023
3,hist_gradient_boosting,3,catboost_regressor,2025,5,19,35.619048,65.200000,50.409524,Lando Norris,Oscar Piastri,0,McLaren,McLaren,1,3,3,1,1.000000,{'Oscar Piastri': 19},0.035002,2023,2024
3,hist_gradient_boosting,4,hist_gradient_boosting_regressor,2022,5,17,27.272727,52.400000,39.836364,Max Verstappen,Max Verstappen,1,Red Bull,Red Bull,1,2,3,2,0.941176,"{'Lewis Hamilton': 1, 'Max Verstappen': 16}",0.030010,2020,2021
3,hist_gradient_boosting,4,hist_gradient_boosting_regressor,2023,5,17,41.000000,85.600000,63.300000,Max Verstappen,Max Verstappen,1,Red Bull,Red Bull,1,2,2,2,0.705882,"{'Lewis Hamilton': 5, 'Max Verstappen': 12}",0.040934,2021,2022
3,hist_gradient_boosting,4,hist_gradient_boosting_regressor,2024,5,19,60.750000,143.000000,101.875000,Max Verstappen,Max Verstappen,1,McLaren,Red Bull,0,2,3,1,1.000000,{'Max Verstappen': 19},0.067304,2022,2023
3,hist_gradient_boosting,4,hist_gradient_boosting_regressor,2025,5,19,32.761905,65.200000,48.980952,Lando Norris,Oscar Piastri,0,McLaren,McLaren,1,3,3,3,0.526316,"{'Lando Norris': 4, 'Max Verstappen': 5, 'Oscar Piastri': 10}",0.045998,2023,2024
3,hist_gradient_boosting,5,xgboost_regressor,2022,5,17,26.000000,52.000000,39.000000,Max Verstappen,Max Verstappen,1,Red Bull,Red Bull,1,3,3,3,0.705882,"{'Charles Leclerc': 4, 'Max Verstappen': 12, 'Sergio Pérez': 1}",0.028155,2020,2021
3,hist_gradient_boosting,5,xgboost_regressor,2023,5,17,40.000000,80.400000,60.200000,Max Verstappen,Max Verstappen,1,Red Bull,Red Bull,1,3,2,3,0.647059,"{'Lewis Hamilton': 5, 'Max Verstappen': 11, 'Sergio Pérez': 1}",0.039112,2021,2022
3,hist_gradient_boosting,5,xgboost_regressor,2024,5,19,53.083333,127.600000,90.341667,Max Verstappen,Max Verstappen,1,McLaren,Red Bull,0,2,3,1,1.000000,{'Max Verstappen': 19},0.071498,2022,2023
3,hist_gradient_boosting,5,xgboost_regressor,2025,5,19,39.333333,70.400000,54.866667,Lando Norris,Oscar Piastri,0,McLaren,McLaren,1,3,2,2,0.631579,"{'Lando Norris': 7, 'Oscar Piastri': 12}",0.044200,2023,2024
